Sekunden;"
latitude";longitude;Sateliten;HDOP;km/h;altitude
0;48.413.516;9.071.516;5;2,8;0,3;481,9
5;48.413.524;9.071.528;5;2,8;0,93;480,4
15;48.413.524;9.071.526;5;2,8;0,61;479,1
20;48.413.520;9.071.555;5;2,8;0,41;479,4
25;48.413.513;9.071.558;5;2,8;0,44;477,8
30;48.413.513;9.071.557;5;2,8;0,15;478,1
35;48.413.513;9.071.563;5;2,8;0,06;478,4
45;48.413.509;9.071.566;5;2,8;0,26;478,6
50;48.413.513;9.071.555;5;2,8;0,11;477,5
55;48.413.513;9.071.583;5;2,8;1,98;477,7
60;48.413.516;9.071.583;5;2,8;0,13;478,3
65;48.413.520;9.071.607;4;2,9;1,72;478,4
75;48.413.524;9.071.643;4;2,9;3,28;478,6
80;48.413.532;9.071.621;5;2,8;0,31;478,2
85;48.413.532;9.071.604;5;2,8;0,09;480
90;48.413.528;9.071.596;5;2,8;0,09;480,1
95;48.413.513;9.071.613;5;2,8;0,11;480,8
105;48.413.509;9.071.634;5;2,8;1,19;480,7
110;48.413.509;9.071.619;5;2,9;0,11;480,6
115;48.413.509;9.071.618;5;2,9;0,33;480,4
120;48.413.513;9.071.613;5;2,9;0,09;481,4
130;48.413.501;9.071.626;5;2,9;0,85;481,4
135;48.413.501;9.071.611;6;1,1;0,35;480,1
140;48.413.509;9.071.596;6;1,1;0,44;480,4
145;48.413.520;9.071.587;6;1,1;0,15;482,1
150;48.413.520;9.071.598;6;1,1;0,22;484
160;48.413.520;9.071.609;6;1,1;0,26;484,9
165;48.413.513;9.071.629;6;1,1;0,35;485,7
170;48.413.513;9.071.637;6;1,1;0,43;486,1
175;48.413.528;9.071.635;6;1,1;0,78;487,4
180;48.413.524;9.071.630;6;1,1;0,31;484,7
190;48.413.520;9.071.634;6;1,1;0,41;484,7
195;48.413.520;9.071.618;6;1,1;0,59;484,2
200;48.413.516;9.071.596;6;1,1;0,46;482,2
205;48.413.516;9.071.583;6;1,1;0,2;481,1
210;48.413.516;9.071.578;6;1,1;0,37;481,3
220;48.413.509;9.071.591;6;1,1;1,56;480,3
225;48.413.509;9.071.599;6;1,1;0,22;479,9
230;48.413.528;9.071.584;6;1,1;0,15;483,6
235;48.413.536;9.071.580;6;1,1;1,56;485,2
240;48.413.539;9.071.590;6;1,1;1,09;485
250;48.413.532;9.071.585;6;1,1;0,19;484,1
255;48.413.532;9.071.576;7;1;0,19;482,5
260;48.413.528;9.071.572;7;1;0,3;482,5
265;48.413.532;9.071.573;7;1;0,83;481,9
270;48.413.532;9.071.574;7;1;0,83;481,6
280;48.413.539;9.071.570;8;1;0,17;482,2
285;48.413.547;9.071.567;8;1;0,41;483,4
290;48.413.543;9.071.567;8;1;0,15;483,4
295;48.413.536;9.071.566;8;1;0,19;482,6
300;48.413.539;9.071.566;8;1;0,67;483,2
310;48.413.547;9.071.566;8;1;0,98;483,4
315;48.413.547;9.071.563;8;1;0,09;483,6
320;48.413.539;9.071.563;8;1;0,06;481,3
325;48.413.536;9.071.565;8;1;0,09;481,3
335;48.413.536;9.071.566;8;1;0,17;480,9
340;48.413.536;9.071.575;8;1;1,02;481,5
345;48.413.547;9.071.579;8;1;1,37;483,7
350;48.413.543;9.071.581;8;1;0,28;484,5
355;48.413.543;9.071.585;8;1;1;484,4
365;48.413.547;9.071.592;9;0,9;0,31;485,5
370;48.413.566;9.071.593;9;0,9;0,98;489,3
375;48.413.589;9.071.608;8;1,1;0,59;494,3
380;48.413.578;9.071.606;8;1,1;0,48;493,7
385;48.413.574;9.071.588;9;0,9;0,48;491
395;48.413.578;9.071.576;9;0,9;0,3;491
400;48.413.578;9.071.575;10;0,9;0,19;492,4
405;48.413.578;9.071.573;10;0,9;0,35;493,4
410;48.413.578;9.071.566;10;0,9;0,15;493,7
415;48.413.581;9.071.561;10;0,9;0,41;494,2
425;48.413.585;9.071.559;10;0,9;0,3;494
430;48.413.581;9.071.561;10;0,9;0,35;493
435;48.413.574;9.071.561;10;0,9;0,15;491,5
440;48.413.566;9.071.562;10;0,9;0;489,4
445;48.413.566;9.071.566;10;0,9;0,06;488,5
455;48.413.570;9.071.570;10;0,9;0,33;488,3
460;48.413.566;9.071.577;10;0,9;0,17;487,9
465;48.413.562;9.071.580;10;0,9;0,04;487,3
470;48.413.562;9.071.582;10;0,9;0,09;488,2
475;48.413.562;9.071.586;10;0,9;0,13;488,4
485;48.413.558;9.071.585;10;0,9;0,15;488,2
490;48.413.558;9.071.584;10;0,9;0,11;488,2
495;48.413.555;9.071.583;10;0,9;0,11;489,4
500;48.413.547;9.071.587;10;0,9;0,22;488,6
505;48.413.543;9.071.588;10;0,9;0,15;488,3
515;48.413.543;9.071.588;10;0,9;0,15;488,4
520;48.413.539;9.071.593;10;0,9;0,17;488,5
525;48.413.536;9.071.598;10;0,9;0,17;487,8
530;48.413.536;9.071.599;10;0,9;0,31;487,9
540;48.413.536;9.071.599;10;0,9;0,09;487,9
545;48.413.536;9.071.600;10;0,9;0,67;487,7
550;48.413.536;9.071.601;10;0,9;0,54;488,2
555;48.413.532;9.071.601;10;0,9;0,3;488
560;48.413.536;9.071.603;10;0,9;0,24;489,1
570;48.413.536;9.071.601;10;0,8;0,04;490,1
575;48.413.536;9.071.603;10;0,8;0,13;489,8
580;48.413.532;9.071.605;10;0,9;0,13;489,6
585;48.413.532;9.071.607;10;0,8;0,52;490,7
590;48.413.528;9.071.603;10;0,8;0,13;490,2
600;48.413.528;9.071.603;10;0,8;0,37;490,8
605;48.413.528;9.071.599;10;0,8;1,02;490,8
610;48.413.528;9.071.600;10;0,8;0,94;490,1
615;48.413.532;9.071.597;10;0,8;0,19;488,8
620;48.413.536;9.071.595;10;0,8;0,11;488,5
630;48.413.536;9.071.601;10;0,8;0,19;489
635;48.413.536;9.071.605;10;0,8;0,11;489,3
640;48.413.536;9.071.605;10;0,8;0,04;489,3
645;48.413.536;9.071.604;10;0,8;0,04;488,9
650;48.413.536;9.071.608;10;0,8;0,11;488,9
660;48.413.532;9.071.608;10;0,8;0,52;488,4
665;48.413.532;9.071.612;10;0,8;0,19;488,7
670;48.413.536;9.071.620;10;0,8;0,17;489,7
675;48.413.532;9.071.620;10;0,9;0,24;489,4
680;48.413.536;9.071.614;10;0,9;0,02;488,5
690;48.413.536;9.071.608;10;0,8;0,11;488,3
695;48.413.536;9.071.605;10;0,8;0,15;488,2
700;48.413.547;9.071.603;10;0,8;2,96;488,7
705;48.413.547;9.071.592;10;0,8;0,2;487,8
710;48.413.539;9.071.597;10;0,8;0,13;487
720;48.413.532;9.071.599;10;0,8;0,11;485,7
725;48.413.528;9.071.597;10;0,8;0,17;485,4
730;48.413.528;9.071.592;10;0,8;0,07;484,8
735;48.413.528;9.071.591;10;0,8;0,11;484,7
740;48.413.524;9.071.591;10;0,8;0,19;484,4
750;48.413.524;9.071.593;10;0,8;0,13;484,7
755;48.413.524;9.071.595;10;0,8;0,15;485,4
760;48.413.524;9.071.592;10;0,8;0,02;485,4
765;48.413.528;9.071.591;10;0,8;0,06;485,2
770;48.413.536;9.071.597;9;1;0,06;485,7
780;48.413.524;9.071.609;9;1;1,26;485,7
785;48.413.509;9.071.594;10;0,9;0,19;486,4
790;48.413.501;9.071.595;10;0,8;0,13;486,4
795;48.413.501;9.071.590;10;0,8;0,13;485,6
805;48.413.509;9.071.588;10;0,8;0,09;485,3
810;48.413.513;9.071.583;10;0,8;0,17;485,2
815;48.413.520;9.071.583;10;0,8;0,11;486,1
820;48.413.520;9.071.580;10;0,9;0,24;486,2
825;48.413.520;9.071.579;10;0,9;0,04;485,6
835;48.413.520;9.071.578;10;0,8;0,07;485,1
840;48.413.520;9.071.578;10;0,8;0,09;485,3
845;48.413.520;9.071.581;10;0,8;0,15;485,4
850;48.413.520;9.071.583;10;0,8;0,11;485,3
855;48.413.524;9.071.584;10;0,8;0,04;485,6
865;48.413.520;9.071.586;10;0,8;0,04;485,8
870;48.413.516;9.071.589;10;0,8;0,04;485,8
875;48.413.516;9.071.590;10;0,8;0,07;485,3
880;48.413.513;9.071.589;10;0,8;0,07;485
885;48.413.509;9.071.588;10;0,8;0,07;485
895;48.413.497;9.071.595;10;0,8;2,63;485,1
900;48.413.490;9.071.599;10;0,8;2,63;485,2
905;48.413.494;9.071.605;10;0,8;0,52;485,2
910;48.413.490;9.071.611;10;0,9;0,07;484,2
915;48.413.490;9.071.601;9;0,9;0,76;484,7
925;48.413.490;9.071.597;10;0,8;0,76;485,3
930;48.413.494;9.071.595;10;0,8;0,33;485,5
935;48.413.497;9.071.597;10;0,8;0,11;485,7
940;48.413.497;9.071.605;10;0,8;0,24;485,4
950;48.413.486;9.071.600;10;0,8;2,52;485,9
955;48.413.448;9.071.606;10;0,8;2,2;484,9
960;48.413.471;9.071.588;10;0,8;1,11;484,9
965;48.413.455;9.071.567;10;0,9;0,15;485
970;48.413.452;9.071.562;10;0,9;0,33;485,1
980;48.413.448;9.071.563;10;0,8;0,37;485,7
985;48.413.448;9.071.582;10;0,8;0,98;486,7
990;48.413.444;9.071.602;10;0,8;0,26;488,5
995;48.413.444;9.071.601;10;0,8;0,87;488,5
1000;48.413.448;9.071.612;10;0,8;0,48;489,4
1010;48.413.448;9.071.618;10;0,8;0,35;489,7
1015;48.413.448;9.071.622;10;0,8;0,13;489,3
1020;48.413.448;9.071.619;10;0,8;0,13;489,1
1025;48.413.448;9.071.619;10;0,8;0,13;488,8
1030;48.413.448;9.071.614;10;0,8;0,06;488,5
1040;48.413.448;9.071.619;10;0,8;0,22;488,8
1045;48.413.448;9.071.622;9;0,9;1;488,4
1050;48.413.448;9.071.640;10;0,8;0,31;490
1055;48.413.440;9.071.619;10;0,8;0,24;491,9
1060;48.413.429;9.071.612;10;0,8;0,11;491,1
1070;48.413.440;9.071.608;10;0,8;0,48;490,9
1075;48.413.444;9.071.610;10;0,8;4,3;491,5
1080;48.413.459;9.071.582;10;0,8;2,72;494,5
1085;48.413.440;9.071.539;10;0,8;3,61;521
1090;48.413.543;9.071.625;10;0,8;11;549,8
1100;48.413.547;9.071.738;10;0,8;7,98;577,2
1105;48.413.520;9.071.923;10;0,8;11,22;602
1110;48.413.612;9.072.154;10;0,8;11,24;632,2
1115;48.413.677;9.072.319;10;0,8;12,24;653,8
1120;48.413.642;9.072.549;10;0,8;7,98;679,1
1130;48.413.589;9.072.596;10;0,8;4,26;704,9
1135;48.413.631;9.072.604;10;0,8;1,76;728,1
1140;48.413.616;9.072.605;10;0,8;4,69;747,3
1145;48.413.593;9.072.790;10;0,8;11,46;769,4
1150;48.413.619;9.072.916;10;0,8;11,46;794,7
1160;48.413.646;9.073.238;10;0,8;13,11;794,7
1165;48.413.623;9.073.477;10;0,8;7,76;832,1
1170;48.413.574;9.073.647;10;0,8;8,28;852,3
1175;48.413.562;9.073.666;10;0,8;2,61;874,7
1185;48.413.612;9.073.805;10;0,8;7,52;898,6
1190;48.413.791;9.073.918;10;0,8;10,56;915,5
1195;48.413.883;9.074.185;10;0,8;9,96;930,2
1200;48.413.867;9.074.428;10;0,8;9,04;948,6
1205;48.413.871;9.074.585;10;0,8;8,45;970
1215;48.413.936;9.074.800;10;0,8;11,74;994,8
1220;48.413.913;9.074.873;10;0,8;1,33;1015,2
1225;48.413.963;9.074.932;10;0,8;4,82;1033,7
1230;48.414.062;9.075.034;10;0,8;11,13;1054
1235;48.414.196;9.075.195;10;0,8;13,15;1073,1
1245;48.414.321;9.075.441;10;0,8;12,59;1092,5
1250;48.414.413;9.075.738;10;0,8;14,28;1111,7
1255;48.414.535;9.075.935;10;0,8;9,2;1129,1
1260;48.414.630;9.076.196;10;0,8;12,09;1147
1265;48.414.588;9.076.463;10;0,8;10,06;1169,6
1275;48.414.577;9.076.568;10;0,8;11,39;1194,1
1280;48.414.539;9.076.912;10;0,8;11,85;1194,1
1285;48.414.474;9.077.036;10;0,8;2,89;1245,1
1290;48.414.531;9.077.143;10;0,8;10,52;1269,4
1295;48.414.508;9.077.347;10;0,8;9,82;1299,9
1305;48.414.573;9.077.400;10;0,8;4,13;1327,7
1310;48.414.691;9.077.500;10;0,8;4,52;1346
1315;48.414.775;9.077.591;10;0,8;11,76;1367,1
1320;48.414.855;9.077.757;10;0,8;15,11;1391
1325;48.414.920;9.078.038;10;0,8;14,11;1412,6
1335;48.414.962;9.078.332;10;0,8;13,76;1431,8
1340;48.414.970;9.078.628;10;0,8;13,2;1450,9
1345;48.414.924;9.078.888;10;1;12,93;1473,1
1350;48.414.844;9.079.103;8;1,5;5,69;1495,1
1355;48.414.852;9.079.253;10;0,8;11,37;1525,7
1365;48.414.836;9.079.520;10;0,8;12,15;1549,7
1370;48.414.813;9.079.674;10;0,8;10,56;1582
1375;48.414.695;9.079.812;10;0,8;4,26;1607
1380;48.414.691;9.079.923;10;0,8;8,33;1636,5
1390;48.414.642;9.080.217;10;0,8;14,69;1663,6
1395;48.414.527;9.080.442;10;0,8;10,67;1687,1
1400;48.414.390;9.080.598;10;0,8;8,41;1687,1
1405;48.414.306;9.080.675;10;0,8;6,39;1734,7
1410;48.414.257;9.080.722;10;0,8;2,83;1757,3
1420;48.414.192;9.080.780;10;0,8;7,35;1778,3
1425;48.414.096;9.080.986;10;0,8;13,45;1805,8
1430;48.413.955;9.081.217;10;0,8;9,54;1826,3
1435;48.413.879;9.081.418;10;0,8;14,8;1857,6
1440;48.413.814;9.081.560;10;0,8;11,3;1889,1
1450;48.413.619;9.081.776;10;0,8;14,04;1916,7
1455;48.413.425;9.082.014;10;0,8;26,24;1944,6
1460;48.413.200;9.082.255;10;0,8;17,59;1965,3
1465;48.412.952;9.082.548;10;0,8;19,19;1985,2
1470;48.412.704;9.082.790;10;0,8;21,11;2004,3
1480;48.412.456;9.083.007;10;0,8;18,04;2023,6
1485;48.412.284;9.083.117;10;0,8;9,19;2048,7
1490;48.412.136;9.083.387;10;0,8;19,41;2079,9
1495;48.411.983;9.083.525;10;0,8;16,59;2112,2
1500;48.411.735;9.083.683;10;0,8;11,39;2144,8
1510;48.411.609;9.083.824;10;0,8;11,52;2170,4
1515;48.411.437;9.084.091;10;0,8;16,59;2190,6
1520;48.411.212;9.084.402;10;0,8;19,87;2190,6
1525;48.410.957;9.084.711;10;0,8;24,15;2235,5
1535;48.410.617;9.084.985;10;0,8;26,04;2259,5
1540;48.410.293;9.085.100;10;0,8;17,89;2285,4
1545;48.409.992;9.085.303;10;0,8;24,84;2309,3
1550;48.409.709;9.085.414;10;0,8;14,24;2331
1555;48.409.561;9.085.520;10;0,8;14,63;2361,6
1565;48.409.378;9.085.658;10;0,8;11,07;2395,9
1570;48.409.156;9.085.729;10;0,8;13,52;2418,9
1575;48.408.996;9.085.861;10;0,8;17,35;2450,4
1580;48.408.702;9.085.931;10;0,8;21,13;2474,9
1585;48.408.405;9.086.030;10;0,8;19,8;2491,1
1595;48.408.100;9.086.149;10;0,8;22,08;2509,7
1600;48.407.855;9.086.390;10;0,8;15,61;2535,6
1605;48.407.672;9.086.491;10;0,8;19,39;2567,7
1610;48.407.489;9.086.669;10;0,8;9,83;2601,9
1615;48.407.203;9.086.800;10;0,8;21,52;2633,4
1625;48.406.959;9.087.030;10;0,8;17,43;2659,6
1630;48.406.806;9.087.246;10;0,9;15,32;2682,9
1635;48.406.639;9.087.511;10;0,8;15,32;2704
1640;48.406.349;9.087.840;10;0,8;24,82;2704
1645;48.406.036;9.088.029;10;0,8;20,26;2754,2
1655;48.405.757;9.088.102;10;0,8;18,13;2779,2
1660;48.405.544;9.088.112;10;0,8;12,39;2797
1665;48.405.380;9.088.293;10;0,8;19,67;2819,2
1670;48.405.128;9.088.528;10;0,8;14,67;2851,2
1675;48.404.956;9.088.782;10;0,8;23,08;2885,2
1685;48.404.670;9.089.074;10;0,8;24,95;2911,1
1690;48.404.354;9.089.216;10;0,8;21,91;2936,7
1695;48.404.029;9.089.449;10;0,8;21,22;2957,5
1700;48.403.751;9.089.714;10;0,8;19,52;2977,3
1705;48.403.442;9.089.845;10;0,8;26,71;3007,6
1715;48.403.068;9.089.838;10;0,8;21,24;3035,7
1720;48.402.797;9.089.948;10;0,8;25,02;3064,7
1725;48.402.442;9.090.188;10;0,8;28;3087,1
1730;48.402.072;9.090.376;10;0,8;26,19;3106,4
1735;48.401.634;9.090.449;10;0,8;29,52;3132,4
1745;48.401.275;9.090.430;10;0,8;25,11;3164,2
1750;48.400.856;9.090.429;10;0,8;22,02;3200,1
1755;48.400.539;9.090.490;10;0,8;30,08;3236
1760;48.399.997;9.090.511;10;0,8;26,71;3236
1770;48.399.669;9.090.538;10;0,8;28,48;3301
1775;48.399.230;9.090.637;10;0,8;25,91;3334,8
1780;48.398.872;9.090.555;10;0,8;19,85;3359,4
1785;48.398.513;9.090.657;10;0,8;28,63;3390,8
1790;48.398.048;9.090.661;10;0,8;31,89;3423,6
1800;48.397.518;9.090.782;10;0,8;33,04;3446,4
1805;48.397.010;9.090.880;10;0,8;34,32;3465
1810;48.396.556;9.090.923;10;0,8;29,56;3489,9
1815;48.396.224;9.090.989;10;0,8;25,32;3517
1820;48.395.748;9.091.150;10;0,8;33,91;3546
1830;48.395.236;9.091.222;10;0,8;37,02;3572,2
1835;48.394.699;9.091.337;10;0,8;35,78;3592,9
1840;48.394.191;9.091.386;10;0,8;29,02;3614,2
1845;48.393.810;9.091.526;10;0,8;32,43;3643,1
1850;48.393.398;9.091.854;10;0,8;34,21;3665,7
1860;48.392.940;9.092.079;10;0,8;29,48;3696,6
1865;48.392.555;9.092.343;10;0,8;29,5;3730,8
1870;48.392.139;9.092.782;10;0,8;37,26;3752,5
1875;48.391.616;9.093.105;10;0,8;37,26;3779,4
1880;48.391.151;9.093.470;10;0,8;33,48;3816,4
1890;48.390.632;9.093.919;10;0,8;38,35;3842,9
1895;48.390.151;9.094.213;10;0,8;28,58;3875,6
1900;48.389.785;9.094.652;10;0,8;39,06;3902,8
1905;48.389.324;9.094.982;10;0,8;31,15;3937,4
1915;48.388.957;9.095.393;10;0,8;28,09;3973,8
1920;48.388.572;9.095.624;10;0,8;33,76;4003,3
1925;48.388.053;9.096.004;10;0,8;36,97;4035
1930;48.387.657;9.096.497;10;0,8;31;4057,9
1935;48.387.294;9.096.813;10;0,8;28,61;4082,6
1945;48.386.802;9.097.089;9;0,8;37,69;4110,6
1950;48.386.249;9.097.402;8;1;39,54;4136
1955;48.385.749;9.097.693;10;0,8;32,6;4158,1
1960;48.385.349;9.098.116;10;0,8;39,45;4184,7
1965;48.384.834;9.098.654;10;0,8;40,52;4211,3
1975;48.384.353;9.098.978;10;0,8;30,61;4234,8
1980;48.383.975;9.099.370;10;0,8;33,5;4257,4
1985;48.383.487;9.099.935;10;0,8;45,36;4284,6
1990;48.383.007;9.100.314;10;0,8;31,8;4310,5
1995;48.382.518;9.100.998;10;0,8;45,32;4336,6
2005;48.381.961;9.101.640;10;0,8;48,1;4365,5
2010;48.381.423;9.102.338;10;0,8;44,15;4386,6
2015;48.380.996;9.102.946;10;0,8;33,82;4416,2
2020;48.380.489;9.103.449;10;0,8;48,91;4445,3
2025;48.380.012;9.104.176;10;0,8;38,11;4477,4
2035;48.379.486;9.104.651;10;0,8;41,26;4503,7
2040;48.378.940;9.105.186;10;0,8;50,93;4524,6
2045;48.378.448;9.105.892;10;0,8;40,93;4556
2050;48.378.017;9.106.514;10;0,8;37,47;4586,2
2055;48.377.498;9.107.261;10;0,8;48,76;4613,9
2065;48.376.968;9.107.796;10;0,8;38;4643,8
2070;48.376.510;9.108.440;10;0,8;52,21;4675
2075;48.375.900;9.109.137;10;0,8;53,54;4707,1
2080;48.375.247;9.109.739;10;0,8;40,78;4729,6
2085;48.374.774;9.110.406;10;0,8;45,28;4758,2
2095;48.374.187;9.111.202;10;0,8;53,08;4782,2
2100;48.373.558;9.111.792;10;0,8;44,11;4808,3
2105;48.372.917;9.112.424;10;0,8;55,89;4834,3
2110;48.372.402;9.113.155;10;0,8;40,91;4863,5
2115;48.371.723;9.113.698;10;0,8;45,78;4893,1
2125;48.371.124;9.114.118;10;0,8;41,32;4914,1
2130;48.370.651;9.114.565;10;0,8;38,19;4934,5
2135;48.370.212;9.115.190;10;0,8;45,39;4957,1
2140;48.369.655;9.115.871;10;0,8;50,17;4982,2
2150;48.369.094;9.116.316;10;0,8;36,69;5003,5
2155;48.368.667;9.116.803;10;0,8;38,98;5024,5
2160;48.368.202;9.117.405;10;0,8;45,13;5059,8
2165;48.367.679;9.118.105;10;0,8;42,6;5096
2170;48.367.248;9.118.660;10;0,8;46,63;5128,4
2180;48.366.638;9.119.349;10;0,8;51,71;5152,5
2185;48.366.153;9.120.127;10;0,8;40,34;5183,7
2190;48.365.692;9.120.771;10;0,8;48,26;5214,2
2195;48.365.131;9.121.438;10;0,8;48,08;5238,9
2200;48.364.593;9.122.114;10;0,8;45,74;5263,2
2210;48.364.223;9.122.790;10;0,8;42,04;5291,3
2215;48.363.800;9.123.603;10;0,8;43,58;5325,5
2220;48.363.414;9.124.099;10;0,8;31,8;5352,9
2225;48.363.025;9.124.652;10;0,8;41,63;5384,1
2230;48.362.606;9.125.408;10;0,8;41,63;5420,1
2240;48.362.159;9.126.086;10;0,8;45,69;5420,1
2245;48.361.698;9.126.948;10;0,8;46,39;5488,4
2250;48.361.362;9.127.775;10;0,8;39,89;5509,5
2255;48.360.939;9.128.531;10;0,8;52,08;5542,5
2260;48.360.515;9.129.444;10;0,8;41,93;5579,2
2270;48.360.038;9.130.217;10;0,8;53,5;5617,1
2275;48.359.664;9.131.125;10;0,8;36,26;5650,6
2280;48.359.237;9.131.823;10;0,8;45,17;5677,7
2285;48.358.825;9.132.735;10;0,8;47,63;5714,2
2290;48.358.493;9.133.477;10;0,8;42,86;5747
2300;48.358.112;9.134.508;10;0,8;52,91;5773,6
2305;48.357.646;9.135.344;10;0,8;44,28;5798,1
2310;48.357.322;9.136.119;10;0,8;43,28;5825,1
2315;48.356.960;9.137.098;10;0,8;51,39;5853,2
2325;48.356.498;9.137.889;10;0,8;47,11;5878,3
2330;48.356.021;9.138.622;10;0,8;41,32;5897,7
2335;48.355.621;9.139.489;10;0,8;51,65;5917,6
2340;48.355.266;9.140.454;10;0,8;50,24;5937,6
2345;48.354.888;9.141.235;10;0,8;40,41;5958,2
2355;48.354.434;9.142.040;10;0,8;40,41;5989,5
2360;48.353.790;9.143.083;10;0,8;53,37;5989,5
2365;48.353.366;9.144.096;10;0,8;50,65;6049,5
2370;48.352.973;9.145.039;10;0,8;50,17;6066,8
2375;48.352.470;9.145.858;10;0,8;56,43;6087,1
2385;48.351.924;9.146.707;10;0,8;55,86;6118,4
2390;48.351.348;9.147.442;10;0,8;38,82;6147,1
2395;48.350.921;9.148.239;10;0,8;49,28;6167,6
2400;48.350.379;9.149.165;10;0,8;57,75;6191,8
2405;48.349.914;9.150.048;10;0,8;48,73;6227,7
2415;48.349.338;9.150.911;10;0,8;54,13;6268,6
2420;48.348.796;9.151.523;10;0,8;40,91;6298,9
2425;48.348.331;9.152.453;10;0,8;57,78;6330,3
2430;48.347.702;9.153.318;10;0,8;53,1;6358,2
2435;48.347.068;9.154.077;10;0,8;49,67;6381,1
2445;48.346.542;9.154.802;10;0,8;50,15;6399,3
2450;48.345.951;9.155.691;10;0,8;47,76;6418,3
2455;48.345.504;9.156.529;10;0,8;50,99;6443,4
2460;48.345.054;9.157.527;10;0,8;60,21;6462,8
2465;48.344.516;9.158.413;10;0,8;52,84;6481,6
2475;48.343.929;9.159.278;10;0,8;52,84;6498,2
2480;48.343.280;9.160.367;10;0,8;46,76;6498,2
2485;48.342.739;9.161.147;10;0,8;52,63;6533,6
2490;48.342.136;9.162.084;10;0,8;54,34;6551,5
2500;48.341.644;9.163.113;10;0,8;60,17;6569,7
2505;48.341.133;9.164.031;9;1;57,93;6586,7
2510;48.340.538;9.164.951;9;1;49,95;6604,5
2515;48.340.068;9.165.928;9;1;51,26;6620,4
2520;48.339.492;9.166.896;9;1;61;6637,8
2530;48.339.015;9.167.766;9;1;52,54;6655,2
2535;48.338.436;9.168.686;9;1;53,21;6673,1
2540;48.337.966;9.169.692;8;1;53,19;6692
2545;48.337.516;9.170.552;9;1;55,43;6707,6
2550;48.336.994;9.171.583;9;1;52,39;6728,6
2560;48.336.429;9.172.500;9;1;60,17;6759
2565;48.335.914;9.173.635;9;1;54,25;6787,8
2570;48.335.479;9.174.719;9;1;61,1;6820,5
2575;48.335.079;9.175.839;9;1;49,12;6848,9
2580;48.334.606;9.176.720;9;1;56,5;6878,6
2590;48.333.999;9.177.764;9;1;63,95;6903,5
2595;48.333.400;9.178.809;9;1;63,95;6920,3
2600;48.332.859;9.179.896;9;1;51,62;6920,3
2605;48.332.389;9.180.814;9;1;58,69;6957,4
2610;48.331.821;9.181.791;9;1;55,75;6975,8
2620;48.331.214;9.182.875;9;1;61,25;6997,1
2625;48.330.684;9.184.033;9;1;64,28;7022,1
2630;48.330.089;9.185.173;9;1;64,01;7052,6
2635;48.329.559;9.186.025;9;1;50,95;7081,1
2640;48.329.105;9.187.104;9;1;66,19;7111,5
2650;48.328.517;9.188.261;9;1;63,12;7133
2655;48.328.022;9.189.278;9;1;49,87;7154,3
2660;48.327.518;9.190.158;9;1;49,89;7176,3
2665;48.326.915;9.191.150;9;1;65,36;7207,9
2670;48.326.297;9.192.360;9;1;68,89;7231,9
2680;48.325.721;9.193.522;9;1;61,02;7249,7
2685;48.325.222;9.194.455;9;1;53,15;7271,5
2690;48.324.672;9.195.374;9;1;62,15;7290,6
2695;48.324.115;9.196.463;9;1;54,06;7314,3
2700;48.323.669;9.197.632;9;1;51,26;7334,8
2710;48.323.173;9.198.551;9;1;56,63;7354,4
2715;48.322.643;9.199.480;9;1;56,63;7375,8
2720;48.322.097;9.200.677;9;1;61,54;7375,8
2725;48.321.544;9.201.832;9;1;63,8;7439,2
2735;48.320.934;9.202.756;9;1;47,43;7470,4
2740;48.320.503;9.203.697;9;1;60,1;7501,7
2745;48.319.915;9.204.692;9;1;57,28;7537,2
2750;48.319.442;9.205.510;9;1;48,71;7566
2755;48.319.034;9.206.474;9;1;47,65;7592,8
2765;48.318.679;9.207.476;9;1;49,89;7618,5
2770;48.318.233;9.208.347;9;1;53,75;7637,3
2775;48.317.653;9.209.389;9;1;64,62;7655
2780;48.317.089;9.210.489;9;1;58,36;7673,8
2785;48.316.467;9.211.467;9;1;55,58;7690,9
2795;48.315.971;9.212.548;9;1;60,43;7708,7
2800;48.315.391;9.213.501;10;0,9;62,95;7724,4
2805;48.314.865;9.214.519;10;0,9;58,99;7742,2
2810;48.314.311;9.215.506;10;0,9;50,54;7759,4
2815;48.313.682;9.216.479;10;0,9;57,75;7775
2825;48.313.083;9.217.605;10;0,9;66,8;7793,1
2830;48.312.492;9.218.539;10;0,9;60,71;7808,7
2835;48.311.962;9.219.525;10;0,9;60,71;7824,6
2840;48.311.302;9.220.767;10;0,9;48,71;7824,6
2845;48.310.791;9.221.700;10;0,9;50,39;7860,5
2855;48.310.264;9.222.687;10;0,9;66,12;7879
2860;48.309.677;9.223.705;10;0,9;66,21;7896,7
2865;48.309.127;9.224.729;10;0,9;48,84;7916,5
2870;48.308.589;9.225.726;10;0,9;50,56;7937,9
2880;48.308.055;9.226.614;10;0,9;56,13;7959,7
2885;48.307.537;9.227.602;10;0,9;67,51;7980,4
2890;48.307.018;9.228.507;10;0,9;51,87;8002,1
2895;48.306.480;9.229.485;10;0,9;60,02;8021,1
2900;48.305.931;9.230.538;10;0,9;51,41;8044,3
2910;48.305.465;9.231.433;10;0,9;51,36;8066,3
2915;48.304.988;9.232.460;10;0,9;66,34;8086,4
2920;48.304.416;9.233.560;10;0,9;63,47;8102,8
2925;48.303.867;9.234.506;10;0,9;49,84;8124,4
2930;48.303.268;9.235.455;10;0,9;54,49;8144,3
2940;48.302.806;9.236.483;10;0,9;56,19;8163,6
2945;48.302.345;9.237.431;10;0,9;63,8;8181,8
2950;48.301.780;9.238.448;10;0,9;63,8;8204,7
2955;48.301.200;9.239.674;10;0,9;49,39;8204,7
2960;48.300.804;9.240.600;10;0,9;50,69;8263,1
2970;48.300.285;9.241.517;10;0,9;56,13;8280,2
2975;48.299.762;9.242.487;10;0,9;53,69;8299,2
2980;48.299.194;9.243.375;10;0,9;53,58;8316,7
2985;48.298.667;9.244.320;10;0,9;60,06;8334,4
2990;48.298.118;9.245.339;10;0,9;54,25;8353,2
3000;48.297.657;9.246.283;10;0,9;54,47;8371,9
3005;48.297.054;9.247.156;10;0,9;55,54;8396
3010;48.296.535;9.248.029;10;0,9;49,32;8431,1
3015;48.296.115;9.249.114;10;0,9;62,62;8458,7
3020;48.295.516;9.250.186;10;0,9;57,25;8479,3
3030;48.294.982;9.251.251;10;0,9;58,45;8500
3035;48.294.406;9.252.151;10;0,9;52,58;8516,3
3040;48.293.842;9.253.156;10;0,9;61,02;8534,2
3045;48.293.262;9.254.093;10;0,9;58,06;8555,1
3050;48.292.655;9.255.114;10;0,9;59,08;8572,1
3060;48.292.175;9.256.110;10;0,9;56,95;8591
3065;48.291.564;9.257.066;10;0,9;55,04;8609,3
3070;48.291.011;9.258.149;10;0,9;55,25;8609,3
3075;48.290.481;9.259.059;9;1;60,5;8647,6
3085;48.289.985;9.260.074;9;1;47,58;8665,5
3090;48.289.497;9.261.009;9;1;56,08;8685,5
3095;48.288.909;9.262.114;9;1;63,8;8709,7
3100;48.288.330;9.263.219;9;1;60,04;8728,1
3105;48.287.876;9.264.128;9;1;51,93;8748,6
3115;48.287.395;9.265.193;9;1;56,49;8768,5
3120;48.286.853;9.266.074;9;1;51,34;8788,5
3125;48.286.396;9.267.039;9;1;45,47;8806
3130;48.285.888;9.268.114;9;1;61,47;8824,5
3135;48.285.449;9.269.232;9;1;63,86;8842,6
3145;48.284.862;9.270.281;9;1;59,6;8858,8
3150;48.284.370;9.271.184;9;1;50,69;8877,1
3155;48.283.821;9.272.133;9;1;51,47;8894,6
3160;48.283.355;9.273.234;9;1;54,3;8913,8
3165;48.282.859;9.274.148;9;1;61,36;8932,4
3175;48.282.398;9.275.224;9;1;59,93;8949,6
3180;48.281.845;9.276.142;9;1;54,99;8966,8
3185;48.281.200;9.277.402;9;1;51,06;8966,8
3190;48.280.628;9.278.389;9;1;53,91;9008,1
3195;48.280.117;9.279.415;9;1;71,21;9028,5
3205;48.279.544;9.280.665;9;1;68,73;9048,4
3210;48.279.014;9.281.705;9;1;55,84;9069,5
3215;48.278.385;9.282.819;9;1;61,49;9086,3
3220;48.277.786;9.284.071;9;1;70,3;9109
3230;48.277.305;9.285.312;9;1;73,1;9133,2
3235;48.276.729;9.286.517;9;1;70,73;9151,9
3240;48.276.130;9.287.671;9;1;60,54;9170,9
3245;48.275.573;9.288.906;9;1;58,62;9189,1
3250;48.274.948;9.290.132;9;1;70,26;9206,5
3260;48.274.349;9.291.152;9;1;65,56;9223,9
3265;48.273.788;9.292.179;9;1;60,19;9239,6
3270;48.273.231;9.293.381;9;1;63,93;9257
3275;48.272.560;9.294.448;9;1;66,6;9276,2
3280;48.272.056;9.295.533;9;1;58,02;9293,4
3290;48.271.457;9.296.786;9;1;69,69;9310,8
3295;48.270.771;9.297.948;9;1;70,56;9326,1
3300;48.270.172;9.298.971;9;1;70,56;9343,3
3305;48.269.523;9.300.324;9;1;62,12;9343,3
3310;48.268.829;9.301.482;9;1;67,02;9380,6
3320;48.268.280;9.302.499;9;1;67,34;9399,1
3325;48.267.696;9.303.721;9;1;66,93;9415,2
3330;48.266.994;9.304.864;9;1;64,51;9431,2
3335;48.266.319;9.305.938;9;1;60,99;9446,2
3340;48.265.758;9.307.039;9;1;67,15;9462,2
3350;48.265.045;9.308.215;9;1;70,23;9477,9
3355;48.264.362;9.309.197;9;1;57,08;9493,4
3360;48.263.683;9.310.185;9;1;64,04;9509,3
3365;48.263.088;9.311.302;9;1;68,99;9525,4
3370;48.262.390;9.312.256;9;1;64,01;9541,4
3380;48.261.768;9.313.219;9;1;61,04;9557,5
3385;48.261.089;9.314.256;9;1;56,65;9573,5
3390;48.260.448;9.315.278;9;1;61,56;9590,8
3395;48.259.811;9.316.302;9;1;73,01;9606,3
3400;48.259.201;9.317.251;9;1;57,75;9624,2
3410;48.258.541;9.318.099;9;1;57,5;9640,7
3415;48.257.823;9.319.134;8;1,1;57,5;9657,3
3420;48.256.977;9.320.126;8;1,1;55,5;9657,3
3425;48.256.351;9.320.983;9;1;64,32;9691,9
3435;48.255.641;9.321.902;9;1;52,71;9708,1
3440;48.254.970;9.322.728;9;1;69,36;9725,3
3445;48.254.253;9.323.522;9;1;55,02;9741,1
3450;48.253.570;9.324.240;9;1;59,47;9757,4
3455;48.252.857;9.325.087;9;1;53,8;9774,7
3465;48.252.227;9.325.834;9;1;59,45;9790,6
3470;48.251.487;9.326.590;9;1;61,86;9805,5
3475;48.250.808;9.327.486;8;1;56,45;9822,1
3480;48.250.106;9.328.135;9;1;55,13;9838
3485;48.249.446;9.328.994;9;1;59,23;9855,2
3495;48.248.786;9.329.655;9;1;56,71;9872,3
3500;48.248.081;9.330.531;9;1;55,86;9889,5
3505;48.247.432;9.331.190;9;1;57,5;9906,4
3510;48.246.719;9.332.035;9;1;51,45;9923
3515;48.246.105;9.332.786;9;1;63,8;9940,8
3525;48.245.426;9.333.590;9;1;53,41;9958,4
3530;48.244.773;9.334.348;10;0,8;57,82;9975,9
3535;48.244.098;9.335.136;10;0,8;57,82;9993,2
3540;48.243.324;9.336.028;10;0,8;56,34;9993,2
3545;48.242.748;9.336.855;10;0,8;57,8;10032,1
3555;48.242.046;9.337.766;10;0,8;55,63;10048,6
3560;48.241.413;9.338.666;10;0,8;56,02;10064,8
3565;48.240.772;9.339.390;10;0,8;54,73;10085
3570;48.240.139;9.340.340;10;0,8;56,67;10104,6
3575;48.239.456;9.341.185;10;0,8;70,34;10124,4
3585;48.238.769;9.341.995;10;0,8;57,54;10144,8
3590;48.238.155;9.342.903;10;0,8;48,39;10163,6
3595;48.237.525;9.343.717;10;0,8;60,47;10182,1
3600;48.236.827;9.344.526;10;0,8;67,13;10202
3610;48.236.106;9.345.519;10;0,8;61,52;10218,9
3615;48.235.481;9.346.462;10;0,8;53,71;10238
3620;48.234.844;9.347.240;10;0,8;61,06;10256,5
3625;48.234.092;9.348.076;10;0,8;69,01;10281,4
3630;48.233.325;9.349.067;10;0,8;57,08;10305,6
3640;48.232.707;9.349.978;10;0,8;55,87;10327,1
3645;48.231.960;9.350.831;10;0,8;73,1;10348,9
3650;48.231.262;9.351.772;10;0,8;73,1;10371,9
3655;48.230.407;9.352.884;10;0,8;52,84;10371,9
3660;48.229.629;9.353.767;10;0,8;57,69;10416,1
3670;48.228.851;9.354.707;10;0,8;75,64;10436,1
3675;48.228.034;9.355.572;10;0,8;74,28;10455,2
3680;48.227.306;9.356.616;10;0,8;67,25;10475,8
3685;48.226.608;9.357.645;10;0,8;58,89;10496,5
3690;48.225.910;9.358.538;10;0,8;59,63;10516,1
3700;48.225.116;9.359.427;10;0,8;67,36;10537,3
3705;48.224.330;9.360.362;10;0,8;75,02;10557,8
3710;48.223.609;9.361.306;10;0,8;74,04;10582,7
3715;48.222.866;9.362.421;10;0,8;61,75;10605,5
3720;48.222.064;9.363.585;10;0,8;62,49;10626,8
3730;48.221.401;9.364.561;10;0,8;68,65;10644,9
3735;48.220.638;9.365.504;6;1,3;72,25;10666,5
3740;48.219.917;9.366.582;8;1;59,75;10687,7
3745;48.219.161;9.367.642;10;0,8;67,93;10708,7
3750;48.218.437;9.368.602;10;0,8;62,06;10728,3
3760;48.217.647;9.369.595;10;0,8;62,06;10749,5
3765;48.216.835;9.370.796;10;0,8;71,43;10749,5
3770;48.215.980;9.371.805;10;0,8;74,32;10792,5
3775;48.215.221;9.372.933;10;0,8;62,3;10811,7
3785;48.214.530;9.374.039;10;0,8;68,52;10831
3790;48.213.836;9.375.185;10;0,8;75,64;10852,2
3795;48.213.062;9.376.212;10;0,8;69,1;10876,8
3800;48.212.360;9.377.278;10;0,8;72,52;10900,1
3805;48.211.559;9.378.528;10;0,8;69,86;10924,7
3815;48.210.784;9.379.776;10;0,8;70,56;10945,3
3820;48.209.957;9.380.693;10;0,8;69,93;10966,9
3825;48.209.171;9.381.627;10;0,8;74,65;10986,6
3830;48.208.324;9.382.782;10;0,8;72,84;11007,3
3835;48.207.576;9.383.893;9;1;60,97;11030,8
3845;48.206.863;9.384.969;10;0,8;69,28;11050,6
3850;48.206.020;9.386.009;10;0,8;81,65;11073,9
3855;48.205.146;9.387.146;10;0,8;78,6;11095,1
3860;48.204.399;9.388.215;10;0,8;66,78;11115,7
3865;48.203.681;9.389.295;10;0,8;67,28;11136,6
3875;48.202.812;9.390.461;10;0,8;54,08;11136,6
3880;48.202.152;9.391.541;10;0,8;64,39;11177,5
3885;48.201.431;9.392.597;10;0,8;75,95;11198,4
3890;48.200.763;9.393.581;10;0,8;72,36;11218,3
3895;48.200.145;9.394.801;10;0,8;67,43;11238,2
3905;48.199.501;9.396.060;10;0,8;60,65;11258,1
3910;48.198.787;9.397.252;10;0,8;66,8;11276,6
3915;48.198.127;9.398.248;10;0,8;70,1;11295,7
3920;48.197.528;9.399.463;10;0,8;74,32;11315,4
3930;48.196.807;9.400.730;10;0,8;62,51;11335,6
3935;48.196.037;9.401.913;10;0,8;70,01;11354,1
3940;48.195.365;9.403.041;10;0,8;81,32;11373,3
3945;48.194.755;9.404.338;10;0,8;73,65;11390,5
3950;48.194.038;9.405.658;10;0,8;64,8;11409,3
3960;48.193.290;9.406.813;10;0,8;67,1;11428,6
3965;48.192.672;9.407.959;10;0,8;76,77;11446,2
3970;48.191.982;9.409.265;10;0,8;75,14;11464,5
3975;48.191.162;9.410.554;10;0,8;71,88;11481,3
3980;48.190.235;9.411.866;10;0,8;68,39;11498,2
3990;48.189.514;9.413.043;10;0,8;78,69;11517,3
3995;48.188.781;9.414.337;10;0,8;85,4;11537,8
4000;48.188.079;9.415.671;10;0,8;66,52;11558,8
4005;48.187.290;9.417.085;10;0,8;74,65;11576,4
4010;48.186.531;9.418.477;10;0,8;91,79;11596
4020;48.185.840;9.419.919;10;0,8;86,84;11614,5
4025;48.185.024;9.421.277;10;0,8;78,19;11632,6
4030;48.184.257;9.422.597;10;0,8;73,75;11651,2
4035;48.183.521;9.424.094;10;0,8;81,88;11668,3
4040;48.182.815;9.425.496;10;0,8;78,41;11686
4050;48.182.228;9.426.783;10;0,8;74,84;11702,6
4055;48.181.606;9.428.168;10;0,8;80,28;11721
4060;48.180.931;9.429.594;10;0,8;69,26;11741,2
4065;48.180.233;9.430.770;10;0,8;63,97;11758,4
4070;48.179.653;9.431.972;10;0,8;76,27;11778,6
4080;48.179.039;9.433.363;10;0,8;72,67;11796
4085;48.178.310;9.434.511;10;0,8;69,23;11812,4
4090;48.177.639;9.435.611;10;0,8;69,23;11829,4
4095;48.176.807;9.437.155;10;0,8;73,58;11829,4
4105;48.176.094;9.438.415;10;0,8;74,36;11865
4110;48.175.399;9.439.751;10;0,8;83,43;11882,9
4115;48.174.667;9.440.968;10;0,8;71,12;11900,1
4120;48.173.942;9.442.336;10;0,8;77,28;11916,9
4125;48.173.217;9.443.646;10;0,8;70,1;11934,8
4135;48.172.451;9.444.828;10;0,8;77,64;11956,3
4140;48.171.634;9.446.062;10;0,8;88,54;11973,9
4145;48.170.860;9.447.250;10;0,8;69,23;11993,3
4150;48.169.990;9.448.474;10;0,8;78,6;12010,6
4155;48.169.181;9.449.834;10;0,8;79,97;12027
4165;48.168.334;9.451.164;10;0,8;89,04;12044
4170;48.167.407;9.452.533;10;0,8;90,36;12061,1
4175;48.166.507;9.453.799;10;0,8;72,6;12080,5
8260;48.050.899;9.740.372;5;1,6;36,13;12099,7
8275;48.050.605;9.738.391;6;1,6;43,37;12095
8280;48.050.590;9.737.475;4;1,6;40,34;12093
8285;48.050.426;9.736.364;6;1,6;49,04;12093,2
8290;48.050.369;9.735.351;4;1,6;48,36;12094,3
8300;48.050.315;9.734.158;7;1,6;59,69;12094,9
8305;48.050.262;9.732.837;6;1,6;55,43;12095,7
8310;48.050.334;9.731.663;6;1,6;47,56;12093,1
8315;48.050.361;9.730.486;5;1,6;58,75;12093,1
8320;48.050.376;9.729.256;5;1,6;52,23;12095,9
8335;48.050.434;9.727.156;4;1,6;48,63;12096,2
8340;48.050.479;9.726.206;4;1,6;48,63;12096,2
8345;48.050.605;9.724.999;4;1,6;55,91;12096,2
8350;48.050.670;9.723.855;6;1,6;48,43;12095,8
8360;48.050.670;9.723.855;4;1,6;48,43;12095,8
8365;48.050.670;9.723.855;5;1,6;48,43;12095,8
8370;48.050.781;9.720.336;5;1,6;54,87;12092,8
8375;48.050.647;9.719.091;4;1,6;55,71;12094,6
8385;48.050.537;9.717.833;5;1,6;59;12094,6
8395;48.050.052;9.715.342;5;1,6;55,37;12099
8400;48.049.709;9.714.207;4;1,6;53,87;12099,2
8405;48.049.495;9.712.916;5;1,6;59,5;12099
8415;48.049.186;9.711.621;5;1,6;66,84;12099,1
8420;48.048.976;9.710.144;7;1,6;73,28;12100,7
8425;48.048.839;9.708.596;4;1,6;66,65;12099,7
8435;48.048.648;9.705.790;5;1,6;63,82;12096,3
8445;48.048.671;9.704.193;4;1,6;70,38;12098,7
8450;48.048.660;9.702.841;3;1,6;59;12099,1
8455;48.048.736;9.701.455;5;1,6;69,25;12098,8
8460;48.048.881;9.699.911;6;1,6;63,58;12097,2
11125;48.062.679;9.310.650;10;0,8;104,19;12041,8
11130;48.061.977;9.311.936;10;0,8;90,84;11965,3
11140;48.061.336;9.313.308;10;0,8;75,06;11890,2
11145;48.060.676;9.314.744;10;0,8;55,82;11817
11150;48.059.963;9.316.159;10;0,8;55,82;11744,4
11155;48.059.116;9.317.517;10;0,8;52,99;11744,4
11160;48.058.311;9.318.780;10;0,8;48,63;11589,5
11170;48.057.628;9.319.997;10;0,8;71,3;11518,1
11175;48.056.903;9.321.023;10;0,8;97,42;11449,6
11180;48.056.194;9.322.083;10;0,8;99,3;11379,5
11185;48.055.400;9.323.393;10;0,8;61,63;11310,9
11190;48.054.580;9.324.620;10;0,8;44,91;11241,3
11200;48.053.752;9.325.611;10;0,8;88,56;11174,4
11205;48.053.112;9.326.552;10;1,1;95,66;11106,8
11210;48.052.433;9.327.658;10;0,9;71,73;11037,5
11215;48.051.651;9.328.727;10;0,8;37,35;10969
11220;48.050.716;9.329.732;10;0,8;64,51;10902,1
11230;48.049.869;9.330.512;10;0,8;94,49;10835,6
11235;48.049.137;9.331.343;10;0,8;90,43;10769,2
11240;48.048.385;9.332.350;10;0,8;49,8;10705,8
11245;48.047.473;9.333.386;10;0,8;53,84;10640,9
11250;48.046.566;9.334.195;10;0,8;92,27;10575,8
11260;48.045.806;9.334.949;10;0,8;89,64;10511,8
11265;48.045.131;9.336.034;10;0,8;50,78;10449,3
11270;48.044.193;9.337.292;10;0,8;38,69;10386,3
11275;48.043.323;9.338.341;10;0,8;67,21;10310,6
11285;48.042.465;9.339.292;10;0,8;100,29;10248,1
11290;48.041.687;9.340.231;10;0,8;97,54;10184,4
11295;48.040.901;9.341.367;10;0,8;64,08;10123,6
11300;48.039.913;9.342.541;10;0,8;55,52;10060,5
11305;48.038.887;9.343.439;10;0,8;85,84;9998
11315;48.038.021;9.344.249;10;0,8;99,32;9936,3
11320;48.037.258;9.345.188;10;0,8;71,97;9876,4
11325;48.036.449;9.346.217;10;0,8;35,67;9816,1
11330;48.035.648;9.347.142;10;0,8;62,13;9753,5
11335;48.034.912;9.347.978;10;0,8;87,62;9692,2
11345;48.034.358;9.348.910;10;0,8;82,88;9632,1
11350;48.033.817;9.350.131;10;0,8;47,11;9570,8
11355;48.033.130;9.351.424;10;0,8;50,8;9509,6
11360;48.032.402;9.352.561;10;0,8;90,62;9450,1
11365;48.031.764;9.353.656;10;0,8;97,27;9390,5
11375;48.031.272;9.354.978;10;0,8;59,56;9332,1
11380;48.030.635;9.356.457;10;0,8;52,24;9274,2
11385;48.029.930;9.357.680;10;0,8;94,29;9217,7
11390;48.029.239;9.359.107;10;0,8;96,1;9161,7
11395;48.028.724;9.360.404;10;0,8;66,34;9095,4
11405;48.028.144;9.361.916;10;0,8;47,82;9039,1
11410;48.027.465;9.363.206;10;0,8;84,77;8981,7
11415;48.026.947;9.364.294;10;0,8;93,47;8927,1
11420;48.026.405;9.365.661;10;0,8;58,95;8870,6
11425;48.025.733;9.367.073;10;0,8;52,5;8815,1
11435;48.024.993;9.368.248;10;0,8;96,08;8760,1
11440;48.024.532;9.369.423;10;0,8;68,28;8708,2
11445;48.023.860;9.370.895;10;0,8;54,54;8655,2
11450;48.023.162;9.371.919;10;0,8;91,88;8602,2
11455;48.022.663;9.372.994;10;0,8;68,15;8549
11465;48.021.919;9.374.432;10;0,8;62,26;8499,6
11470;48.021.259;9.375.352;10;0,8;89,75;8446,3
11475;48.020.751;9.376.413;10;0,8;70,34;8391,8
11480;48.020.153;9.377.643;10;0,8;39,69;8336,1
11485;48.019.363;9.378.812;10;0,8;64,99;8280,2
11495;48.018.718;9.379.602;10;0,8;87,32;8229,5
11500;48.018.291;9.380.867;10;0,8;45,36;8177,9
11505;48.017.551;9.382.144;10;0,8;62,62;8129,1
11510;48.016.712;9.383.305;10;0,8;79,84;8129,1
11520;48.016.231;9.384.150;10;0,8;73,39;8016,4
11525;48.015.670;9.385.373;10;0,8;35,52;7963,9
11530;48.014.881;9.386.349;10;0,8;78,9;7912,3
11535;48.014.354;9.387.136;10;0,8;77,21;7860,5
11540;48.013.721;9.388.464;10;0,8;45,82;7814,2
11550;48.013.175;9.389.101;10;0,8;71,82;7774
11555;48.012.535;9.390.261;10;0,8;50,95;7728,7
11560;48.011.947;9.391.351;10;0,8;74,06;7674,7
11565;48.011.383;9.392.482;10;0,8;83,4;7619,2
11570;48.010.826;9.393.708;10;0,8;86,99;7563,8
11580;48.010.284;9.394.961;10;0,8;81,69;7508
11585;48.009.738;9.396.160;10;0,8;72,78;7453,1
11590;48.009.208;9.397.311;10;0,8;58,15;7398,2
11595;48.008.728;9.398.426;10;0,8;42,1;7344,6
11600;48.008.205;9.399.537;10;0,8;45,15;7290,1
11610;48.007.698;9.400.662;10;0,8;51,76;7233,7
11615;48.007.202;9.401.753;10;0,8;61;7179,8
11620;48.006.690;9.402.844;10;0,8;76,49;7125,3
11625;48.006.187;9.404.022;10;0,8;76,49;7072,3
11630;48.005.641;9.405.409;10;0,8;53,5;7072,3
11640;48.005.172;9.406.531;10;0,8;44,21;6956,6
11645;48.004.695;9.407.666;10;0,8;41,37;6902,5
11650;48.004.215;9.408.890;10;0,8;42,74;6847,4
11655;48.003.780;9.410.087;10;0,8;45,56;6791,3
11665;48.003.276;9.411.236;10;0,8;57,8;6736,2
11670;48.002.780;9.412.402;10;0,8;55,06;6682,5
11675;48.002.304;9.413.504;10;0,8;64,12;6628,8
11680;48.001.773;9.414.666;10;0,8;65,1;6574,4
11685;48.001.228;9.415.752;10;0,8;71,84;6521,1
11695;48.000.701;9.416.880;10;0,8;77,73;6466,3
11700;48.000.148;9.417.948;10;0,8;76,73;6413,2
11705;47.999.610;9.419.037;10;0,8;67,73;6359,4
11710;47.999.011;9.420.128;10;0,8;74,84;6304,6
11715;47.998.451;9.421.060;10;0,8;78,27;6252,2
11725;47.997.898;9.422.075;10;0,8;76,02;6199,3
11730;47.997.341;9.423.148;10;0,8;78,12;6144,9
11735;47.996.833;9.424.190;10;0,8;77,64;6092
11740;47.996.330;9.425.177;10;0,8;76,71;6036,3
11745;47.995.819;9.426.216;10;0,8;66,19;5984,3
11755;47.995.193;9.427.402;10;0,8;77,54;5984,3
11760;47.994.670;9.428.388;10;0,8;78,77;5868,5
11765;47.994.155;9.429.347;10;0,8;76,86;5815,2
11770;47.993.656;9.430.374;10;0,8;75,41;5762,6
11775;47.993.160;9.431.341;10;0,8;77,77;5710,2
11785;47.992.717;9.432.302;10;0,8;76,02;5658,5
11790;47.992.233;9.433.264;10;0,8;75,47;5605,7
11795;47.991.786;9.434.204;10;0,8;61,8;5556,6
11800;47.991.333;9.435.096;10;0,8;55,17;5505,7
11805;47.990.875;9.436.033;10;0,8;57,89;5454,7
11815;47.990.413;9.437.017;10;0,8;51,69;5405,3
11820;47.989.990;9.437.948;10;0,8;47,61;5354,8
11825;47.989.585;9.438.827;10;0,8;45,11;5304
11830;47.989.196;9.439.701;10;0,8;37,21;5255,7
11835;47.988.773;9.440.551;10;0,8;36,15;5205,6
11845;47.988.384;9.441.429;10;0,8;35,23;5158,5
11850;47.987.968;9.442.351;10;0,8;37,5;5108,9
11855;47.987.575;9.443.282;10;0,8;25,13;5062,5
11860;47.987.117;9.444.106;10;0,8;23,43;5013,5
11865;47.986.759;9.444.974;10;0,8;23,43;4966,4
11875;47.986.389;9.445.950;10;0,8;26,04;4966,4
11880;47.985.954;9.446.831;10;0,8;24,89;4868,6
11885;47.985.549;9.447.697;10;0,8;25,21;4822
11890;47.985.076;9.448.546;10;0,8;32,65;4775,8
11900;47.984.619;9.449.411;10;0,8;42,61;4730,4
11905;47.984.180;9.450.178;10;0,8;41,84;4685,5
11910;47.983.692;9.450.939;10;0,8;47,37;4640,1
11915;47.983.238;9.451.642;10;0,8;54,06;4594,4
11920;47.982.799;9.452.334;10;0,8;53,41;4549,4
11930;47.982.402;9.453.022;10;0,8;48,84;4503,6
11935;47.981.964;9.453.627;10;0,8;63,62;4460,8
11940;47.981.510;9.454.184;10;0,8;61,63;4416,1
11945;47.981.094;9.454.832;10;0,8;63,75;4371
11950;47.980.667;9.455.448;10;0,8;58,6;4326,9
11960;47.980.285;9.456.040;10;0,8;53,99;4283
11965;47.979.881;9.456.658;10;0,8;53,99;4239,9
11970;47.979.400;9.457.317;10;0,8;52,41;4239,9
11975;47.979.034;9.457.864;10;0,8;47,71;4149,1
11985;47.978.744;9.458.453;10;0,8;28,34;4106,9
11990;47.978.393;9.459.055;10;0,8;15,8;4064,3
11995;47.978.057;9.459.621;10;0,8;15,17;4020,9
12000;47.977.672;9.460.196;10;0,8;30,54;3978,4
12005;47.977.272;9.460.728;10;0,8;42,17;3935,1
12015;47.976.882;9.461.174;10;0,8;50,17;3891,9
12020;47.976.547;9.461.637;10;0,8;51,04;3849,5
12025;47.976.257;9.462.108;10;0,8;44,54;3807,3
12030;47.975.978;9.462.590;10;0,8;29,84;3765,5
12035;47.975.646;9.463.033;10;0,8;14,13;3722,9
12045;47.975.299;9.463.465;10;0,8;12,72;3681,4
12050;47.974.945;9.463.809;10;0,8;31,32;3639,2
12055;47.974.597;9.464.124;10;0,8;40,98;3596,6
12060;47.974.384;9.464.312;10;0,8;39,6;3557
12065;47.974.174;9.464.679;10;0,8;26,28;3516,4
12075;47.973.892;9.465.083;10;0,8;6,02;3475,6
12080;47.973.560;9.465.470;10;0,8;18,82;3435,2
12085;47.973.239;9.465.853;10;0,8;18,82;3394
12090;47.972.934;9.466.282;10;0,8;26,04;3394
12095;47.972.637;9.466.525;10;0,8;38;3304,6
12105;47.972.400;9.466.705;9;0,9;35,17;3264,2
12110;47.972.270;9.466.901;9;1,2;16,67;3221,5
12115;47.972.026;9.467.195;10;0,8;15,17;3181
12120;47.971.748;9.467.435;10;0,8;4,67;3142,5
12125;47.971.500;9.467.629;10;0,8;18,45;3102,1
12135;47.971.294;9.467.669;10;0,8;31,61;3063,5
12140;47.971.195;9.467.828;10;0,8;28,58;3025,4
12145;47.971.084;9.468.134;10;0,8;17,98;2987,3
12150;47.970.947;9.468.473;10;0,8;5,48;2950,8
12155;47.970.821;9.468.919;10;0,8;24,65;2914,6
12165;47.970.767;9.469.174;10;0,8;35,32;2877,1
12170;47.970.836;9.469.367;10;0,8;19,45;2835,8
12175;47.970.985;9.469.719;10;0,8;16,26;2794,6
12180;47.971.084;9.470.039;10;0,8;30,09;2757,2
12185;47.971.179;9.470.061;10;0,8;23,8;2726,3
12195;47.971.305;9.470.273;10;0,8;6,89;2694,8
12200;47.971.462;9.470.696;10;0,8;31,82;2660,4
12205;47.971.534;9.470.858;10;0,8;33,87;2625
12210;47.971.794;9.471.139;10;0,8;14,02;2586
12220;47.971.878;9.471.591;10;0,8;18,83;2535,4
12225;47.971.813;9.471.750;10;0,8;30,28;2493,4
12230;47.971.927;9.471.885;10;0,8;13,76;2452,7
12235;47.971.927;9.472.418;10;0,8;25,98;2413,4
12240;47.971.862;9.472.598;10;0,8;32,15;2372,1
12250;47.971.973;9.473.071;10;0,8;3,7;2328,9
12255;47.971.973;9.473.657;10;0,8;21,89;2281,2
12260;47.971.889;9.474.142;10;0,8;36,47;2230
12265;47.971.893;9.474.506;10;0,8;34,71;2183,9
12270;47.971.942;9.474.761;10;0,8;23,59;2145,6
12280;47.972.015;9.475.118;10;0,8;5,7;2108,1
12285;47.972.034;9.475.492;10;0,8;13,41;2068,8
12290;47.971.988;9.475.804;10;0,8;27,02;2030,8
12295;47.971.977;9.475.971;10;0,8;26,95;1988,9
12300;47.972.103;9.475.987;10;0,8;13,08;1943,1
12310;47.972.267;9.476.121;10;0,8;18,02;1901,1
12315;47.972.164;9.476.140;10;0,8;16,52;1863,4
12320;47.972.209;9.475.990;10;0,8;13,96;1819,9
12325;47.972.389;9.475.957;10;0,8;19,26;1774
12330;47.972.354;9.476.097;10;0,8;19,26;1732,5
12340;47.972.278;9.476.062;10;0,8;17,11;1732,5
12345;47.972.347;9.475.949;10;0,8;17,85;1648,1
12350;47.972.358;9.476.016;10;0,8;18,26;1605,8
12355;47.972.240;9.476.011;10;0,8;16,95;1561,3
12360;47.972.171;9.475.911;10;0,8;18,83;1514
12370;47.972.198;9.475.781;10;0,8;20,45;1465,8
12375;47.972.175;9.475.791;10;0,8;21,98;1417,1
12380;47.971.992;9.475.816;10;0,8;12,08;1373,4
12385;47.971.935;9.475.646;10;0,8;22,8;1330,3
12395;47.971.939;9.475.703;10;0,8;20,02;1285,1
12400;47.971.820;9.475.749;10;0,8;16,48;1241,8
12405;47.971.767;9.475.618;10;0,8;21,52;1202,7
12410;47.971.813;9.475.590;10;0,8;19,76;1161
12415;47.971.675;9.475.656;10;0,8;13,63;1119,2
12425;47.971.626;9.475.478;10;0,8;17,33;1076,3
12430;47.971.702;9.475.681;10;0,8;12,8;1038,9
12435;47.971.580;9.475.621;10;0,8;17,3;1003,9
12440;47.971.672;9.475.669;10;0,8;17,3;968,3
12445;47.971.622;9.475.789;10;0,8;14,61;928,5
12455;47.971.469;9.475.775;10;0,8;14,61;888,8
12460;47.971.427;9.475.715;10;0,8;21,41;844,3
12465;47.971.485;9.475.819;10;0,8;18,35;808,7
12470;47.971.412;9.475.920;10;0,8;12,19;773,9
12475;47.971.366;9.475.757;10;0,8;20,39;738,6
12485;47.971.347;9.475.988;10;0,8;13,89;709,5
12490;47.971.141;9.475.951;10;0,8;18,13;687
12495;47.971.210;9.475.984;10;0,8;15,37;662,7
